{
  "n_2011": 17950,
  "n_2015": 44175,
  "features": {
    "R_VALUE": {
      "ks_D": 0.171,
      "p": 0.0,
      "miss_2011": 0.0004,
      "miss_2015": 0.0
    },
    "TOTUSJH": {
      "ks_D": 0.24,
      "p": 0.0,
      "miss_2011": 0.0,
      "miss_2015": 0.0
    },
    "TOTPOT": {
      "ks_D": 0.257,
      "p": 0.0,
      "miss_2011": 0.0,
      "miss_2015": 0.0
    },
    "TOTUSJZ": {
      "ks_D": 0.233,
      "p": 0.0,
      "miss_2011": 0.0,
      "miss_2015": 0.0
    },
    "ABSNJZH": {
      "ks_D": 0.207,
      "p": 0.0,
      "miss_2011": 0.0,
      "miss_2015": 0.0
    },
    "SAVNCPP": {
      "ks_D": 0.225,
      "p": 0.0,
      "miss_2011": 0.0,
      "miss_2015": 0.0
    },
    "USFLUX": {
      "ks_D": 0.235,
      "p": 0.0,
      "miss_2011": 0.0,
      "miss_2015": 0.0
    },
    "MEANPOT": {
      "ks_D": 0.265,
      "p": 0.0,
      "miss_2011": 0.0022,
      "miss_2015": 0.0358
    },
    "MEANSHR": {
      "ks_D": 0.202,
      "p": 0.0,
      "miss_2011": 0.0033,
      "miss_2015": 0.0367
    },
    "SHRGT45": {
      "ks_D": 0.187,
      "p": 0.0,
      "miss_2011": 0.0022,
      "miss_2015": 0.0358
    },
    "MEANGAM": {
      "ks_D": 0.155,
      "p": 5.258601541264433e-264,
      "miss_2011": 0.0022,
      "miss_2015": 0.0359
    },
    "MEANGBT": {
      "ks_D": 0.064,
      "p": 1.3501141293284911e-45,
      "miss_2011": 0.0022,
      "miss_2015": 0.0358
    },
    "MEANGBZ": {
      "ks_D": 0.042,
      "p": 1.8963134023113404e-19,
      "miss_2011": 0.0022,
      "miss_2015": 0.0358
    },
    "MEANGBH": {
      "ks_D": 0.141,
      "p": 1.5619980025120703e-220,
      "miss_2011": 0.0022,
      "miss_2015": 0.0358
    },
    "MEANJZH": {
      "ks_D": 0.068,
      "p": 7.064674353058732e-51,
      "miss_2011": 0.0022,
      "miss_2015": 0.0358
    },
    "MEANJZD": {
      "ks_D": 0.053,
      "p": 4.437577737945141e-31,
      "miss_2011": 0.0022,
      "miss_2015": 0.0358
    },
    "MEANALP": {
      "ks_D": 0.041,
      "p": 5.7600625446429915e-19,
      "miss_2011": 0.0022,
      "miss_2015": 0.0358
    }
  },
  "n_features_shifted_p05": 17,
  "median_ks_D": 0.187,
  "mean_missing_2015": 0.0211
}