{
  "kind": "live_sharp_jsoc",
  "winner": "extra_trees",
  "bakeoff": [
    {
      "model": "extra_trees",
      "val_tss": 0.9499
    },
    {
      "model": "hist_gradient_boosting",
      "val_tss": 0.9484
    },
    {
      "model": "random_forest",
      "val_tss": 0.8727
    },
    {
      "model": "logistic",
      "val_tss": 0.8096
    }
  ],
  "threshold": 0.095,
  "default_operating_point": "balanced",
  "operating_points": {
    "high_recall": {
      "threshold": 0.089,
      "test": {
        "n": 2935,
        "positives": 72,
        "accuracy": 0.9250425894378195,
        "recall": 0.6666666666666666,
        "precision": 0.19672131147540983,
        "specificity": 0.9315403422982885,
        "f1": 0.30379746835443033,
        "tss": 0.5982070089649552,
        "hss": 0.27638391436294407,
        "confusion": {
          "tp": 48,
          "tn": 2667,
          "fp": 196,
          "fn": 24
        }
      }
    },
    "balanced": {
      "threshold": 0.095,
      "test": {
        "n": 2935,
        "positives": 72,
        "accuracy": 0.937649063032368,
        "recall": 0.5972222222222222,
        "precision": 0.2182741116751269,
        "specificity": 0.9462102689486552,
        "f1": 0.31970260223048325,
        "tss": 0.5434324911708774,
        "hss": 0.29434787235580023,
        "confusion": {
          "tp": 43,
          "tn": 2709,
          "fp": 154,
          "fn": 29
        }
      }
    },
    "high_precision": {
      "threshold": 0.121,
      "test": {
        "n": 2935,
        "positives": 72,
        "accuracy": 0.9706984667802385,
        "recall": 0.3472222222222222,
        "precision": 0.390625,
        "specificity": 0.9863779252532309,
        "f1": 0.3676470588235294,
        "tss": 0.3336001474754531,
        "hss": 0.352701926430461,
        "confusion": {
          "tp": 25,
          "tn": 2824,
          "fp": 39,
          "fn": 47
        }
      }
    }
  },
  "keywords": [
    "R_VALUE",
    "TOTUSJH",
    "TOTPOT",
    "TOTUSJZ",
    "ABSNJZH",
    "SAVNCPP",
    "USFLUX",
    "MEANPOT",
    "MEANSHR",
    "SHRGT45",
    "MEANGAM",
    "MEANGBT",
    "MEANGBZ",
    "MEANGBH",
    "MEANJZH",
    "MEANJZD",
    "MEANALP"
  ],
  "summary_stats": [
    "last",
    "mean",
    "std",
    "min",
    "max",
    "slope",
    "delta"
  ],
  "feature_names": [
    "R_VALUE__last",
    "R_VALUE__mean",
    "R_VALUE__std",
    "R_VALUE__min",
    "R_VALUE__max",
    "R_VALUE__slope",
    "R_VALUE__delta",
    "TOTUSJH__last",
    "TOTUSJH__mean",
    "TOTUSJH__std",
    "TOTUSJH__min",
    "TOTUSJH__max",
    "TOTUSJH__slope",
    "TOTUSJH__delta",
    "TOTPOT__last",
    "TOTPOT__mean",
    "TOTPOT__std",
    "TOTPOT__min",
    "TOTPOT__max",
    "TOTPOT__slope",
    "TOTPOT__delta",
    "TOTUSJZ__last",
    "TOTUSJZ__mean",
    "TOTUSJZ__std",
    "TOTUSJZ__min",
    "TOTUSJZ__max",
    "TOTUSJZ__slope",
    "TOTUSJZ__delta",
    "ABSNJZH__last",
    "ABSNJZH__mean",
    "ABSNJZH__std",
    "ABSNJZH__min",
    "ABSNJZH__max",
    "ABSNJZH__slope",
    "ABSNJZH__delta",
    "SAVNCPP__last",
    "SAVNCPP__mean",
    "SAVNCPP__std",
    "SAVNCPP__min",
    "SAVNCPP__max",
    "SAVNCPP__slope",
    "SAVNCPP__delta",
    "USFLUX__last",
    "USFLUX__mean",
    "USFLUX__std",
    "USFLUX__min",
    "USFLUX__max",
    "USFLUX__slope",
    "USFLUX__delta",
    "MEANPOT__last",
    "MEANPOT__mean",
    "MEANPOT__std",
    "MEANPOT__min",
    "MEANPOT__max",
    "MEANPOT__slope",
    "MEANPOT__delta",
    "MEANSHR__last",
    "MEANSHR__mean",
    "MEANSHR__std",
    "MEANSHR__min",
    "MEANSHR__max",
    "MEANSHR__slope",
    "MEANSHR__delta",
    "SHRGT45__last",
    "SHRGT45__mean",
    "SHRGT45__std",
    "SHRGT45__min",
    "SHRGT45__max",
    "SHRGT45__slope",
    "SHRGT45__delta",
    "MEANGAM__last",
    "MEANGAM__mean",
    "MEANGAM__std",
    "MEANGAM__min",
    "MEANGAM__max",
    "MEANGAM__slope",
    "MEANGAM__delta",
    "MEANGBT__last",
    "MEANGBT__mean",
    "MEANGBT__std",
    "MEANGBT__min",
    "MEANGBT__max",
    "MEANGBT__slope",
    "MEANGBT__delta",
    "MEANGBZ__last",
    "MEANGBZ__mean",
    "MEANGBZ__std",
    "MEANGBZ__min",
    "MEANGBZ__max",
    "MEANGBZ__slope",
    "MEANGBZ__delta",
    "MEANGBH__last",
    "MEANGBH__mean",
    "MEANGBH__std",
    "MEANGBH__min",
    "MEANGBH__max",
    "MEANGBH__slope",
    "MEANGBH__delta",
    "MEANJZH__last",
    "MEANJZH__mean",
    "MEANJZH__std",
    "MEANJZH__min",
    "MEANJZH__max",
    "MEANJZH__slope",
    "MEANJZH__delta",
    "MEANJZD__last",
    "MEANJZD__mean",
    "MEANJZD__std",
    "MEANJZD__min",
    "MEANJZD__max",
    "MEANJZD__slope",
    "MEANJZD__delta",
    "MEANALP__last",
    "MEANALP__mean",
    "MEANALP__std",
    "MEANALP__min",
    "MEANALP__max",
    "MEANALP__slope",
    "MEANALP__delta"
  ],
  "observation_window_h": 12,
  "prediction_window_h": 24,
  "n_samples": 14675,
  "base_rate": 0.02364565587734242,
  "data_span": [
    "2014-01-01 11:48:00+00:00",
    "2014-12-31 23:48:00+00:00"
  ],
  "trained_at": "2026-06-30T05:19:25.109834+00:00",
  "metrics": {
    "n": 2935,
    "positives": 72,
    "accuracy": 0.937649063032368,
    "recall": 0.5972222222222222,
    "precision": 0.2182741116751269,
    "specificity": 0.9462102689486552,
    "f1": 0.31970260223048325,
    "tss": 0.5434324911708774,
    "hss": 0.29434787235580023,
    "confusion": {
      "tp": 43,
      "tn": 2709,
      "fp": 154,
      "fn": 29
    }
  },
  "sklearn_version": "1.9.0",
  "version": "0.1.0"
}