{
  "kind": "live_sharp_jsoc",
  "winner": "extra_trees",
  "bakeoff": [
    {
      "model": "extra_trees",
      "val_tss": 0.6622
    },
    {
      "model": "random_forest",
      "val_tss": 0.6621
    },
    {
      "model": "hist_gradient_boosting",
      "val_tss": 0.6539
    },
    {
      "model": "logistic",
      "val_tss": 0.5888
    }
  ],
  "threshold": 0.073,
  "default_operating_point": "balanced",
  "operating_points": {
    "high_recall": {
      "threshold": 0.007,
      "test": {
        "n": 7319,
        "positives": 133,
        "accuracy": 0.7964202759939882,
        "recall": 0.9924812030075187,
        "precision": 0.08143121529919803,
        "specificity": 0.792791539103813,
        "f1": 0.15051311288483465,
        "tss": 0.7852727421113317,
        "hss": 0.12098894597439692,
        "confusion": {
          "tp": 132,
          "tn": 5697,
          "fp": 1489,
          "fn": 1
        }
      }
    },
    "balanced": {
      "threshold": 0.073,
      "test": {
        "n": 7319,
        "positives": 133,
        "accuracy": 0.9133761442820058,
        "recall": 0.9172932330827067,
        "precision": 0.16375838926174496,
        "specificity": 0.9133036459782912,
        "f1": 0.2779043280182232,
        "tss": 0.8305968790609979,
        "hss": 0.254927494158556,
        "confusion": {
          "tp": 122,
          "tn": 6563,
          "fp": 623,
          "fn": 11
        }
      }
    },
    "high_precision": {
      "threshold": 0.141,
      "test": {
        "n": 7319,
        "positives": 133,
        "accuracy": 0.9554583959557317,
        "recall": 0.7969924812030075,
        "precision": 0.2617283950617284,
        "specificity": 0.9583913164486502,
        "f1": 0.3940520446096654,
        "tss": 0.7553837976516576,
        "hss": 0.3770074978615585,
        "confusion": {
          "tp": 106,
          "tn": 6887,
          "fp": 299,
          "fn": 27
        }
      }
    },
    "operational": {
      "threshold": 0.021,
      "calibrated_on_year": 2015,
      "calibrated_at": "2026-07-02T05:18:38.727358+00:00",
      "calibration_report": {
        "n": 12597,
        "positives": 273,
        "accuracy": 0.9102961022465667,
        "recall": 0.9230769230769231,
        "precision": 0.18515797207935342,
        "specificity": 0.910012982797793,
        "f1": 0.30844553243574047,
        "tss": 0.8330899058747161,
        "hss": 0.2825439134468717,
        "confusion": {
          "tp": 252,
          "tn": 11215,
          "fp": 1109,
          "fn": 21
        }
      },
      "transfer_check": {
        "2016": {
          "frozen_tss_training_val_thr": 0.877,
          "frozen_tss_recalibrated_thr": 0.896,
          "n": 7440,
          "positives": 25
        },
        "2017": {
          "frozen_tss_training_val_thr": 0.823,
          "frozen_tss_recalibrated_thr": 0.868,
          "n": 3474,
          "positives": 43
        },
        "2023": {
          "frozen_tss_training_val_thr": 0.679,
          "frozen_tss_recalibrated_thr": 0.726,
          "n": 17359,
          "positives": 86
        }
      },
      "note": "threshold recalibrated on one operational year of live JSOC data; opt in via config sharp_live.operating_point: operational"
    }
  },
  "keywords": [
    "R_VALUE",
    "TOTUSJH",
    "TOTPOT",
    "TOTUSJZ",
    "ABSNJZH",
    "SAVNCPP",
    "USFLUX",
    "MEANPOT",
    "MEANSHR",
    "SHRGT45",
    "MEANGAM",
    "MEANGBT",
    "MEANGBZ",
    "MEANGBH",
    "MEANJZH",
    "MEANJZD",
    "MEANALP"
  ],
  "summary_stats": [
    "last",
    "mean",
    "std",
    "min",
    "max",
    "slope",
    "delta"
  ],
  "feature_names": [
    "R_VALUE__last",
    "R_VALUE__mean",
    "R_VALUE__std",
    "R_VALUE__min",
    "R_VALUE__max",
    "R_VALUE__slope",
    "R_VALUE__delta",
    "TOTUSJH__last",
    "TOTUSJH__mean",
    "TOTUSJH__std",
    "TOTUSJH__min",
    "TOTUSJH__max",
    "TOTUSJH__slope",
    "TOTUSJH__delta",
    "TOTPOT__last",
    "TOTPOT__mean",
    "TOTPOT__std",
    "TOTPOT__min",
    "TOTPOT__max",
    "TOTPOT__slope",
    "TOTPOT__delta",
    "TOTUSJZ__last",
    "TOTUSJZ__mean",
    "TOTUSJZ__std",
    "TOTUSJZ__min",
    "TOTUSJZ__max",
    "TOTUSJZ__slope",
    "TOTUSJZ__delta",
    "ABSNJZH__last",
    "ABSNJZH__mean",
    "ABSNJZH__std",
    "ABSNJZH__min",
    "ABSNJZH__max",
    "ABSNJZH__slope",
    "ABSNJZH__delta",
    "SAVNCPP__last",
    "SAVNCPP__mean",
    "SAVNCPP__std",
    "SAVNCPP__min",
    "SAVNCPP__max",
    "SAVNCPP__slope",
    "SAVNCPP__delta",
    "USFLUX__last",
    "USFLUX__mean",
    "USFLUX__std",
    "USFLUX__min",
    "USFLUX__max",
    "USFLUX__slope",
    "USFLUX__delta",
    "MEANPOT__last",
    "MEANPOT__mean",
    "MEANPOT__std",
    "MEANPOT__min",
    "MEANPOT__max",
    "MEANPOT__slope",
    "MEANPOT__delta",
    "MEANSHR__last",
    "MEANSHR__mean",
    "MEANSHR__std",
    "MEANSHR__min",
    "MEANSHR__max",
    "MEANSHR__slope",
    "MEANSHR__delta",
    "SHRGT45__last",
    "SHRGT45__mean",
    "SHRGT45__std",
    "SHRGT45__min",
    "SHRGT45__max",
    "SHRGT45__slope",
    "SHRGT45__delta",
    "MEANGAM__last",
    "MEANGAM__mean",
    "MEANGAM__std",
    "MEANGAM__min",
    "MEANGAM__max",
    "MEANGAM__slope",
    "MEANGAM__delta",
    "MEANGBT__last",
    "MEANGBT__mean",
    "MEANGBT__std",
    "MEANGBT__min",
    "MEANGBT__max",
    "MEANGBT__slope",
    "MEANGBT__delta",
    "MEANGBZ__last",
    "MEANGBZ__mean",
    "MEANGBZ__std",
    "MEANGBZ__min",
    "MEANGBZ__max",
    "MEANGBZ__slope",
    "MEANGBZ__delta",
    "MEANGBH__last",
    "MEANGBH__mean",
    "MEANGBH__std",
    "MEANGBH__min",
    "MEANGBH__max",
    "MEANGBH__slope",
    "MEANGBH__delta",
    "MEANJZH__last",
    "MEANJZH__mean",
    "MEANJZH__std",
    "MEANJZH__min",
    "MEANJZH__max",
    "MEANJZH__slope",
    "MEANJZH__delta",
    "MEANJZD__last",
    "MEANJZD__mean",
    "MEANJZD__std",
    "MEANJZD__min",
    "MEANJZD__max",
    "MEANJZD__slope",
    "MEANJZD__delta",
    "MEANALP__last",
    "MEANALP__mean",
    "MEANALP__std",
    "MEANALP__min",
    "MEANALP__max",
    "MEANALP__slope",
    "MEANALP__delta"
  ],
  "observation_window_h": 12,
  "prediction_window_h": 24,
  "n_samples": 36648,
  "base_rate": 0.018909626719056976,
  "data_span": [
    "2011-01-01 11:48:00+00:00",
    "2014-12-31 23:48:00+00:00"
  ],
  "trained_at": "2026-07-02T02:05:25.521360+00:00",
  "metrics": {
    "n": 7319,
    "positives": 133,
    "accuracy": 0.9133761442820058,
    "recall": 0.9172932330827067,
    "precision": 0.16375838926174496,
    "specificity": 0.9133036459782912,
    "f1": 0.2779043280182232,
    "tss": 0.8305968790609979,
    "hss": 0.254927494158556,
    "confusion": {
      "tp": 122,
      "tn": 6563,
      "fp": 623,
      "fn": 11
    }
  },
  "sklearn_version": "1.9.0",
  "version": "0.1.0"
}