{
  "kind": "live_sharp_jsoc",
  "winner": "random_forest",
  "bakeoff": [
    {
      "model": "random_forest",
      "val_tss": 0.7335
    },
    {
      "model": "extra_trees",
      "val_tss": 0.7067
    },
    {
      "model": "logistic",
      "val_tss": 0.6878
    },
    {
      "model": "hist_gradient_boosting",
      "val_tss": 0.6787
    }
  ],
  "threshold": 0.104,
  "default_operating_point": "balanced",
  "operating_points": {
    "high_recall": {
      "threshold": 0.031,
      "test": {
        "n": 14690,
        "positives": 236,
        "accuracy": 0.8909462219196732,
        "recall": 0.9872881355932204,
        "precision": 0.12718340611353712,
        "specificity": 0.8893731838937319,
        "f1": 0.2253384912959381,
        "tss": 0.8766613194869523,
        "hss": 0.20264255028830827,
        "confusion": {
          "tp": 233,
          "tn": 12855,
          "fp": 1599,
          "fn": 3
        }
      }
    },
    "balanced": {
      "threshold": 0.104,
      "test": {
        "n": 14690,
        "positives": 236,
        "accuracy": 0.9646017699115044,
        "recall": 0.8050847457627118,
        "precision": 0.286144578313253,
        "specificity": 0.9672063096720631,
        "f1": 0.42222222222222217,
        "tss": 0.7722910554347749,
        "hss": 0.4081932555661819,
        "confusion": {
          "tp": 190,
          "tn": 13980,
          "fp": 474,
          "fn": 46
        }
      }
    },
    "high_precision": {
      "threshold": 0.107,
      "test": {
        "n": 14690,
        "positives": 236,
        "accuracy": 0.9652825051055139,
        "recall": 0.7838983050847458,
        "precision": 0.28726708074534163,
        "specificity": 0.9682440846824408,
        "f1": 0.42045454545454547,
        "tss": 0.7521423897671866,
        "hss": 0.40649906458187623,
        "confusion": {
          "tp": 185,
          "tn": 13995,
          "fp": 459,
          "fn": 51
        }
      }
    }
  },
  "keywords": [
    "R_VALUE",
    "TOTUSJH",
    "TOTPOT",
    "TOTUSJZ",
    "ABSNJZH",
    "SAVNCPP",
    "USFLUX",
    "MEANPOT",
    "MEANSHR",
    "SHRGT45",
    "MEANGAM",
    "MEANGBT",
    "MEANGBZ",
    "MEANGBH",
    "MEANJZH",
    "MEANJZD",
    "MEANALP"
  ],
  "summary_stats": [
    "last",
    "mean",
    "std",
    "min",
    "max",
    "slope",
    "delta"
  ],
  "feature_names": [
    "R_VALUE__last",
    "R_VALUE__mean",
    "R_VALUE__std",
    "R_VALUE__min",
    "R_VALUE__max",
    "R_VALUE__slope",
    "R_VALUE__delta",
    "TOTUSJH__last",
    "TOTUSJH__mean",
    "TOTUSJH__std",
    "TOTUSJH__min",
    "TOTUSJH__max",
    "TOTUSJH__slope",
    "TOTUSJH__delta",
    "TOTPOT__last",
    "TOTPOT__mean",
    "TOTPOT__std",
    "TOTPOT__min",
    "TOTPOT__max",
    "TOTPOT__slope",
    "TOTPOT__delta",
    "TOTUSJZ__last",
    "TOTUSJZ__mean",
    "TOTUSJZ__std",
    "TOTUSJZ__min",
    "TOTUSJZ__max",
    "TOTUSJZ__slope",
    "TOTUSJZ__delta",
    "ABSNJZH__last",
    "ABSNJZH__mean",
    "ABSNJZH__std",
    "ABSNJZH__min",
    "ABSNJZH__max",
    "ABSNJZH__slope",
    "ABSNJZH__delta",
    "SAVNCPP__last",
    "SAVNCPP__mean",
    "SAVNCPP__std",
    "SAVNCPP__min",
    "SAVNCPP__max",
    "SAVNCPP__slope",
    "SAVNCPP__delta",
    "USFLUX__last",
    "USFLUX__mean",
    "USFLUX__std",
    "USFLUX__min",
    "USFLUX__max",
    "USFLUX__slope",
    "USFLUX__delta",
    "MEANPOT__last",
    "MEANPOT__mean",
    "MEANPOT__std",
    "MEANPOT__min",
    "MEANPOT__max",
    "MEANPOT__slope",
    "MEANPOT__delta",
    "MEANSHR__last",
    "MEANSHR__mean",
    "MEANSHR__std",
    "MEANSHR__min",
    "MEANSHR__max",
    "MEANSHR__slope",
    "MEANSHR__delta",
    "SHRGT45__last",
    "SHRGT45__mean",
    "SHRGT45__std",
    "SHRGT45__min",
    "SHRGT45__max",
    "SHRGT45__slope",
    "SHRGT45__delta",
    "MEANGAM__last",
    "MEANGAM__mean",
    "MEANGAM__std",
    "MEANGAM__min",
    "MEANGAM__max",
    "MEANGAM__slope",
    "MEANGAM__delta",
    "MEANGBT__last",
    "MEANGBT__mean",
    "MEANGBT__std",
    "MEANGBT__min",
    "MEANGBT__max",
    "MEANGBT__slope",
    "MEANGBT__delta",
    "MEANGBZ__last",
    "MEANGBZ__mean",
    "MEANGBZ__std",
    "MEANGBZ__min",
    "MEANGBZ__max",
    "MEANGBZ__slope",
    "MEANGBZ__delta",
    "MEANGBH__last",
    "MEANGBH__mean",
    "MEANGBH__std",
    "MEANGBH__min",
    "MEANGBH__max",
    "MEANGBH__slope",
    "MEANGBH__delta",
    "MEANJZH__last",
    "MEANJZH__mean",
    "MEANJZH__std",
    "MEANJZH__min",
    "MEANJZH__max",
    "MEANJZH__slope",
    "MEANJZH__delta",
    "MEANJZD__last",
    "MEANJZD__mean",
    "MEANJZD__std",
    "MEANJZD__min",
    "MEANJZD__max",
    "MEANJZD__slope",
    "MEANJZD__delta",
    "MEANALP__last",
    "MEANALP__mean",
    "MEANALP__std",
    "MEANALP__min",
    "MEANALP__max",
    "MEANALP__slope",
    "MEANALP__delta"
  ],
  "observation_window_h": 12,
  "prediction_window_h": 24,
  "n_samples": 73492,
  "base_rate": 0.017063081695966906,
  "data_span": [
    "2010-05-01 00:00:00+00:00",
    "2012-03-12 18:24:00+00:00"
  ],
  "trained_at": "2026-07-01T01:21:59.818890+00:00",
  "metrics": {
    "n": 14690,
    "positives": 236,
    "accuracy": 0.9646017699115044,
    "recall": 0.8050847457627118,
    "precision": 0.286144578313253,
    "specificity": 0.9672063096720631,
    "f1": 0.42222222222222217,
    "tss": 0.7722910554347749,
    "hss": 0.4081932555661819,
    "confusion": {
      "tp": 190,
      "tn": 13980,
      "fp": 474,
      "fn": 46
    }
  },
  "sklearn_version": "1.9.0",
  "version": "0.1.0"
}