{
  "task": "kp_ge_5_in_24h",
  "winner": "logistic",
  "bakeoff": [
    {
      "model": "logistic",
      "val_tss": 0.4393
    },
    {
      "model": "random_forest",
      "val_tss": 0.424
    },
    {
      "model": "extra_trees",
      "val_tss": 0.4091
    },
    {
      "model": "hist_gradient_boosting",
      "val_tss": 0.3875
    }
  ],
  "threshold": 0.735,
  "default_operating_point": "balanced",
  "operating_points": {
    "high_recall": {
      "threshold": 0.588,
      "test": {
        "n": 7003,
        "positives": 1035,
        "accuracy": 0.7953734113951164,
        "recall": 0.6956521739130435,
        "precision": 0.39173014145810664,
        "specificity": 0.8126675603217158,
        "f1": 0.5012182387747999,
        "tss": 0.5083197342347593,
        "hss": 0.3849019786074854,
        "confusion": {
          "tp": 720,
          "tn": 4850,
          "fp": 1118,
          "fn": 315
        }
      }
    },
    "balanced": {
      "threshold": 0.735,
      "test": {
        "n": 7003,
        "positives": 1035,
        "accuracy": 0.8559188919034699,
        "recall": 0.5632850241545894,
        "precision": 0.5114035087719299,
        "specificity": 0.9066689008042895,
        "f1": 0.5360919540229885,
        "tss": 0.4699539249588789,
        "hss": 0.45104273125785405,
        "confusion": {
          "tp": 583,
          "tn": 5411,
          "fp": 557,
          "fn": 452
        }
      }
    },
    "high_precision": {
      "threshold": 0.847,
      "test": {
        "n": 7003,
        "positives": 1035,
        "accuracy": 0.8729116093102955,
        "recall": 0.4251207729468599,
        "precision": 0.5986394557823129,
        "specificity": 0.9505697050938338,
        "f1": 0.49717514124293793,
        "tss": 0.37569047804069367,
        "hss": 0.42682083455185205,
        "confusion": {
          "tp": 440,
          "tn": 5673,
          "fp": 295,
          "fn": 595
        }
      }
    }
  },
  "feature_names": [
    "Bmag__last",
    "Bmag__mean",
    "Bmag__std",
    "Bmag__min",
    "Bmag__max",
    "Bmag__slope",
    "Bmag__delta",
    "By__last",
    "By__mean",
    "By__std",
    "By__min",
    "By__max",
    "By__slope",
    "By__delta",
    "Bz__last",
    "Bz__mean",
    "Bz__std",
    "Bz__min",
    "Bz__max",
    "Bz__slope",
    "Bz__delta",
    "N__last",
    "N__mean",
    "N__std",
    "N__min",
    "N__max",
    "N__slope",
    "N__delta",
    "V__last",
    "V__mean",
    "V__std",
    "V__min",
    "V__max",
    "V__slope",
    "V__delta",
    "P__last",
    "P__mean",
    "P__std",
    "P__min",
    "P__max",
    "P__slope",
    "P__delta",
    "clock__last",
    "clock__mean",
    "clock__std",
    "clock__min",
    "clock__max",
    "clock__slope",
    "clock__delta",
    "newell__last",
    "newell__mean",
    "newell__std",
    "newell__min",
    "newell__max",
    "newell__slope",
    "newell__delta"
  ],
  "channels": [
    "Bmag",
    "By",
    "Bz",
    "N",
    "V",
    "P",
    "clock",
    "newell"
  ],
  "kp_storm_threshold": 5.0,
  "prediction_window_h": 24,
  "observation_window_h": 24,
  "base_rate": 0.0875,
  "feature_means": [
    4.7299075532490615,
    4.734011563469747,
    1.2535201360996922,
    2.39108559026405,
    7.135642637326074,
    -8.518581454740514e-05,
    -0.0117304733857558,
    0.003982669380389318,
    -0.0043204571758830475,
    1.9834978909793064,
    -3.7468276449093545,
    3.6696222240377283,
    1.9328166348298402e-05,
    0.008918108757851479,
    -0.10067370942513,
    -0.10185595015790032,
    1.9026903432030644,
    -3.7661332940145806,
    3.542775208084525,
    4.650400181619848e-05,
    0.007830742329391387,
    6.597644344641275,
    6.603324378303972,
    2.2120467919578726,
    3.7723963820044455,
    11.715170107516096,
    -2.4789291346795213e-05,
    -0.004283947888463569,
    418.0256769480702,
    417.9731384070837,
    21.685237189150005,
    382.53959335576496,
    456.7991802576099,
    0.001027524890132623,
    0.05023597361108466,
    1.7571252586777544,
    1.7587155351473402,
    0.5753881532617167,
    0.9974843378313387,
    3.083349117781197,
    -3.5059435896841115e-06,
    -0.001180924638334068,
    -0.0018024461257562805,
    -0.008234390477682468,
    1.2157291572687232,
    -2.261753883812347,
    2.2721533636564457,
    -2.1022513991922144e-05,
    0.0013125045507960554,
    3190.566949598281,
    3187.957803096004,
    2135.7350799781234,
    216.48963177733583,
    7801.144242176373,
    -0.045323187872787364,
    -8.364327918960607
  ],
  "trained_at": "2026-06-27T08:23:32.608335+00:00",
  "synthetic": false,
  "metrics": {
    "n": 7003,
    "positives": 1035,
    "accuracy": 0.8559188919034699,
    "recall": 0.5632850241545894,
    "precision": 0.5114035087719299,
    "specificity": 0.9066689008042895,
    "f1": 0.5360919540229885,
    "tss": 0.4699539249588789,
    "hss": 0.45104273125785405,
    "confusion": {
      "tp": 583,
      "tn": 5411,
      "fp": 557,
      "fn": 452
    }
  },
  "sklearn_version": "1.9.0",
  "version": "0.1.0"
}